Date,NDX.Close,Symbol
1/3/2017,4911.330078,^NDX
1/4/2017,4937.209961,^NDX
1/5/2017,4964.950195,^NDX
1/6/2017,5007.080078,^NDX
1/9/2017,5024.899902,^NDX
1/10/2017,5035.169922,^NDX
1/11/2017,5050.209961,^NDX
1/12/2017,5041.430176,^NDX
1/13/2017,5059.509766,^NDX
1/17/2017,5044.649902,^NDX
1/18/2017,5055.850098,^NDX
1/19/2017,5051.169922,^NDX
1/20/2017,5063.200195,^NDX
1/23/2017,5065.700195,^NDX
1/24/2017,5101.060059,^NDX
1/25/2017,5151.470215,^NDX
1/26/2017,5156.919922,^NDX
1/27/2017,5168.060059,^NDX
1/30/2017,5129.330078,^NDX
1/31/2017,5116.77002,^NDX
2/1/2017,5152.689941,^NDX
2/2/2017,5147.700195,^NDX
2/3/2017,5161.600098,^NDX
2/6/2017,5167.959961,^NDX
2/7/2017,5185.879883,^NDX
2/8/2017,5196.580078,^NDX
2/9/2017,5212.160156,^NDX
2/10/2017,5226.689941,^NDX
2/13/2017,5256.819824,^NDX
2/14/2017,5271.069824,^NDX
2/15/2017,5302.390137,^NDX
2/16/2017,5300.640137,^NDX
2/17/2017,5324.720215,^NDX
2/21/2017,5350.72998,^NDX
2/22/2017,5352.129883,^NDX
2/23/2017,5332.370117,^NDX
2/24/2017,5343.310059,^NDX
2/27/2017,5347.549805,^NDX
2/28/2017,5330.310059,^NDX
3/1/2017,5390.990234,^NDX
3/2/2017,5363.259766,^NDX
3/3/2017,5373.47998,^NDX
3/6/2017,5360.310059,^NDX
3/7/2017,5351.279785,^NDX
3/8/2017,5359.810059,^NDX
3/9/2017,5363.97998,^NDX
3/10/2017,5385.899902,^NDX
3/13/2017,5394.569824,^NDX
3/14/2017,5382.169922,^NDX
3/15/2017,5416.25,^NDX
3/16/2017,5412.080078,^NDX
3/17/2017,5408.759766,^NDX
3/20/2017,5413.310059,^NDX
3/21/2017,5332.529785,^NDX
3/22/2017,5367.549805,^NDX
3/23/2017,5355.140137,^NDX
3/24/2017,5364,^NDX
3/27/2017,5374.27002,^NDX
3/28/2017,5407.209961,^NDX
3/29/2017,5430.27002,^NDX
3/30/2017,5439.740234,^NDX
3/31/2017,5436.22998,^NDX
4/3/2017,5432.200195,^NDX
4/4/2017,5440.410156,^NDX
4/5/2017,5418.52002,^NDX
4/6/2017,5420.879883,^NDX
4/7/2017,5418.370117,^NDX
4/10/2017,5421.680176,^NDX
4/11/2017,5398.399902,^NDX
4/12/2017,5377.029785,^NDX
4/13/2017,5353.589844,^NDX
4/17/2017,5399.200195,^NDX
4/18/2017,5391.660156,^NDX
4/19/2017,5399.640137,^NDX
4/20/2017,5443.529785,^NDX
4/21/2017,5442.049805,^NDX
4/24/2017,5508.029785,^NDX
4/25/2017,5548.189941,^NDX
4/26/2017,5541.089844,^NDX
4/27/2017,5571.279785,^NDX
4/28/2017,5583.529785,^NDX
5/1/2017,5629.629883,^NDX
5/2/2017,5644.069824,^NDX
5/3/2017,5625.160156,^NDX
5/4/2017,5626.319824,^NDX
5/5/2017,5646.089844,^NDX
5/8/2017,5659.069824,^NDX
5/9/2017,5678.310059,^NDX
5/10/2017,5681.680176,^NDX
5/11/2017,5674.220215,^NDX
5/12/2017,5686.810059,^NDX
5/15/2017,5704.47998,^NDX
5/16/2017,5724.439941,^NDX
5/17/2017,5580.549805,^NDX
5/18/2017,5626.310059,^NDX
5/19/2017,5651.560059,^NDX
5/22/2017,5699.399902,^NDX
5/23/2017,5703.350098,^NDX
5/24/2017,5730.299805,^NDX
5/25/2017,5778.370117,^NDX
5/26/2017,5788.359863,^NDX
5/30/2017,5794.629883,^NDX
5/31/2017,5788.799805,^NDX
6/1/2017,5816.509766,^NDX
6/2/2017,5881.459961,^NDX
6/5/2017,5878.120117,^NDX
6/6/2017,5856.77002,^NDX
6/7/2017,5877.589844,^NDX
6/8/2017,5885.299805,^NDX
6/9/2017,5741.939941,^NDX
6/12/2017,5708.180176,^NDX
6/13/2017,5751.819824,^NDX
6/14/2017,5727.069824,^NDX
6/15/2017,5700.890137,^NDX
6/16/2017,5681.47998,^NDX
6/19/2017,5772.220215,^NDX
6/20/2017,5726.310059,^NDX
6/21/2017,5782.390137,^NDX
6/22/2017,5779.870117,^NDX
6/23/2017,5803.109863,^NDX
6/26/2017,5777.589844,^NDX
6/27/2017,5671.600098,^NDX
6/28/2017,5753.029785,^NDX
6/29/2017,5653.02002,^NDX
6/30/2017,5646.919922,^NDX
7/3/2017,5596.959961,^NDX
7/5/2017,5648.819824,^NDX
7/6/2017,5597.899902,^NDX
7/7/2017,5656.470215,^NDX
7/10/2017,5694.149902,^NDX
7/11/2017,5709.799805,^NDX
7/12/2017,5778.950195,^NDX
7/13/2017,5793.359863,^NDX
7/14/2017,5838.080078,^NDX
7/17/2017,5839.740234,^NDX
7/18/2017,5880.100098,^NDX
7/19/2017,5916.160156,^NDX
7/20/2017,5921.220215,^NDX
7/21/2017,5921.529785,^NDX
7/24/2017,5941.370117,^NDX
7/25/2017,5930.649902,^NDX
7/26/2017,5950.72998,^NDX
7/27/2017,5917.029785,^NDX
7/28/2017,5908.919922,^NDX
7/31/2017,5880.330078,^NDX
8/1/2017,5895.169922,^NDX
8/2/2017,5914.22998,^NDX
8/3/2017,5891.200195,^NDX
8/4/2017,5899.910156,^NDX
8/7/2017,5934.72998,^NDX
8/8/2017,5926.350098,^NDX
8/9/2017,5919.390137,^NDX
8/10/2017,5788.189941,^NDX
8/11/2017,5831.529785,^NDX
8/14/2017,5908.169922,^NDX
8/15/2017,5907.72998,^NDX
8/16/2017,5917.419922,^NDX
8/17/2017,5796.319824,^NDX
8/18/2017,5790.910156,^NDX
8/21/2017,5786.540039,^NDX
8/22/2017,5873.330078,^NDX
8/23/2017,5851.779785,^NDX
8/24/2017,5834.439941,^NDX
8/25/2017,5822.529785,^NDX
8/28/2017,5838.080078,^NDX
8/29/2017,5862.140137,^NDX
8/30/2017,5932.899902,^NDX
8/31/2017,5988.600098,^NDX
9/1/2017,5987.899902,^NDX
9/5/2017,5932.72998,^NDX
9/6/2017,5951.129883,^NDX
9/7/2017,5964.310059,^NDX
9/8/2017,5913.370117,^NDX
9/11/2017,5980.529785,^NDX
9/12/2017,5995.640137,^NDX
9/13/2017,6004.379883,^NDX
9/14/2017,5968.819824,^NDX
9/15/2017,5988,^NDX
9/18/2017,5981.120117,^NDX
9/19/2017,5991.080078,^NDX
9/20/2017,5973.609863,^NDX
9/21/2017,5934.910156,^NDX
9/22/2017,5932.319824,^NDX
9/25/2017,5867.350098,^NDX
9/26/2017,5881.339844,^NDX
9/27/2017,5937.790039,^NDX
9/28/2017,5933.069824,^NDX
9/29/2017,5979.299805,^NDX
10/2/2017,5981.919922,^NDX
10/3/2017,5995.060059,^NDX
10/4/2017,5998.839844,^NDX
10/5/2017,6057.140137,^NDX
10/6/2017,6064.569824,^NDX
10/9/2017,6058.529785,^NDX
10/10/2017,6063.52002,^NDX
10/11/2017,6081.25,^NDX
10/12/2017,6069.990234,^NDX
10/13/2017,6092.450195,^NDX
10/16/2017,6114.529785,^NDX
10/17/2017,6122.609863,^NDX
10/18/2017,6114.350098,^NDX
10/19/2017,6092.620117,^NDX
10/20/2017,6108.819824,^NDX
10/23/2017,6067.830078,^NDX
10/24/2017,6080.220215,^NDX
10/25/2017,6055.040039,^NDX
10/26/2017,6037.870117,^NDX
10/27/2017,6213.470215,^NDX
10/30/2017,6227.589844,^NDX
10/31/2017,6248.560059,^NDX
11/1/2017,6248.649902,^NDX
11/2/2017,6236.390137,^NDX
11/3/2017,6295.580078,^NDX
11/6/2017,6313.609863,^NDX
11/7/2017,6320.779785,^NDX
11/8/2017,6345.810059,^NDX
11/9/2017,6312.209961,^NDX
11/10/2017,6309.069824,^NDX
11/13/2017,6316.180176,^NDX
11/14/2017,6293.640137,^NDX
11/15/2017,6258.359863,^NDX
11/16/2017,6339.140137,^NDX
11/17/2017,6314.509766,^NDX
11/20/2017,6308.609863,^NDX
11/21/2017,6378.629883,^NDX
11/22/2017,6386.120117,^NDX
11/24/2017,6409.290039,^NDX
11/27/2017,6405.970215,^NDX
11/28/2017,6422.560059,^NDX
11/29/2017,6311.379883,^NDX
11/30/2017,6365.560059,^NDX
12/1/2017,6337.870117,^NDX
12/4/2017,6263.700195,^NDX
12/5/2017,6265.109863,^NDX
12/6/2017,6293.049805,^NDX
12/7/2017,6316.279785,^NDX
12/8/2017,6344.569824,^NDX
12/11/2017,6393.890137,^NDX
12/12/2017,6383.649902,^NDX
12/13/2017,6394.669922,^NDX
12/14/2017,6389.910156,^NDX
12/15/2017,6466.319824,^NDX
12/18/2017,6513.27002,^NDX
12/19/2017,6480.669922,^NDX
12/20/2017,6472.47998,^NDX
12/21/2017,6472.689941,^NDX
12/22/2017,6465.169922,^NDX
12/26/2017,6433.160156,^NDX
12/27/2017,6435.149902,^NDX
12/28/2017,6441.419922,^NDX
12/29/2017,6396.419922,^NDX
1/2/2018,6511.339844,^NDX
1/3/2018,6575.799805,^NDX
1/4/2018,6584.580078,^NDX
1/5/2018,6653.290039,^NDX
1/8/2018,6676.629883,^NDX
1/9/2018,6677.939941,^NDX
1/10/2018,6662.660156,^NDX
1/11/2018,6708.490234,^NDX
1/12/2018,6758.540039,^NDX
1/16/2018,6737.140137,^NDX
1/17/2018,6810.279785,^NDX
1/18/2018,6811.379883,^NDX
1/19/2018,6834.330078,^NDX
1/22/2018,6906.279785,^NDX
1/23/2018,6963.459961,^NDX
1/24/2018,6919.350098,^NDX
1/25/2018,6916.299805,^NDX
1/26/2018,7022.970215,^NDX
1/29/2018,6988.319824,^NDX
1/30/2018,6930.72998,^NDX
1/31/2018,6949.990234,^NDX
2/1/2018,6901.5,^NDX
2/2/2018,6760.290039,^NDX
2/5/2018,6495.919922,^NDX
2/6/2018,6665.97998,^NDX
2/7/2018,6582.02002,^NDX
2/8/2018,6306.100098,^NDX
2/9/2018,6412.680176,^NDX
2/12/2018,6523.850098,^NDX
2/13/2018,6553.859863,^NDX
2/14/2018,6675.029785,^NDX
2/15/2018,6794.919922,^NDX
2/16/2018,6770.660156,^NDX
2/20/2018,6779.689941,^NDX
2/21/2018,6759.259766,^NDX
2/22/2018,6761.850098,^NDX
2/23/2018,6896.600098,^NDX
2/26/2018,6989.100098,^NDX
2/27/2018,6900.350098,^NDX
2/28/2018,6854.419922,^NDX
3/1/2018,6750.540039,^NDX
3/2/2018,6811.040039,^NDX
3/5/2018,6881.279785,^NDX
3/6/2018,6913.02002,^NDX
3/7/2018,6929.390137,^NDX
3/8/2018,6966.430176,^NDX
3/9/2018,7101.180176,^NDX
3/12/2018,7131.120117,^NDX
3/13/2018,7046.509766,^NDX
3/14/2018,7040.97998,^NDX
3/15/2018,7030.970215,^NDX
3/16/2018,7019.950195,^NDX
3/19/2018,6864.879883,^NDX
3/20/2018,6885.919922,^NDX
3/21/2018,6853.450195,^NDX
3/22/2018,6682.259766,^NDX
3/23/2018,6508.089844,^NDX
3/26/2018,6753.830078,^NDX
3/27/2018,6529.839844,^NDX
3/28/2018,6460.810059,^NDX
3/29/2018,6581.129883,^NDX
4/2/2018,6390.839844,^NDX
4/3/2018,6458.830078,^NDX
4/4/2018,6560.060059,^NDX
4/5/2018,6594.839844,^NDX
4/6/2018,6433.209961,^NDX
4/9/2018,6472.339844,^NDX
4/10/2018,6615.870117,^NDX
4/11/2018,6583.439941,^NDX
4/12/2018,6656.259766,^NDX
4/13/2018,6628.339844,^NDX
4/16/2018,6675.180176,^NDX
4/17/2018,6816.370117,^NDX
4/18/2018,6833.209961,^NDX
4/19/2018,6774.890137,^NDX
4/20/2018,6667.75,^NDX
4/23/2018,6648.799805,^NDX
4/24/2018,6509.049805,^NDX
4/25/2018,6513.939941,^NDX
4/26/2018,6649.649902,^NDX
4/27/2018,6656.350098,^NDX
4/30/2018,6605.569824,^NDX
5/1/2018,6681.959961,^NDX
5/2/2018,6644.47998,^NDX
5/3/2018,6643.47998,^NDX
5/4/2018,6769.120117,^NDX
5/7/2018,6821.870117,^NDX
5/8/2018,6815.47998,^NDX
5/9/2018,6893.209961,^NDX
5/10/2018,6963.549805,^NDX
5/11/2018,6952.560059,^NDX
5/14/2018,6964.370117,^NDX
5/15/2018,6888.540039,^NDX
5/16/2018,6929.970215,^NDX
5/17/2018,6901.629883,^NDX
5/18/2018,6866.25,^NDX
5/21/2018,6905.529785,^NDX
5/22/2018,6893.620117,^NDX
5/23/2018,6953.629883,^NDX
5/24/2018,6949.700195,^NDX
5/25/2018,6960.919922,^NDX
5/29/2018,6926.540039,^NDX
5/30/2018,6976.370117,^NDX
5/31/2018,6967.72998,^NDX
6/1/2018,7083.930176,^NDX
6/4/2018,7143.569824,^NDX
6/5/2018,7166.75,^NDX
6/6/2018,7210.080078,^NDX
6/7/2018,7152.830078,^NDX
6/8/2018,7152.620117,^NDX
6/11/2018,7168.47998,^NDX
6/12/2018,7209.180176,^NDX
6/13/2018,7205.259766,^NDX
6/14/2018,7279.589844,^NDX
6/15/2018,7255.759766,^NDX
6/18/2018,7251.410156,^NDX
6/19/2018,7228.040039,^NDX
6/20/2018,7280.700195,^NDX
6/21/2018,7217.490234,^NDX
6/22/2018,7197.509766,^NDX
6/25/2018,7038.169922,^NDX
6/26/2018,7068.200195,^NDX
6/27/2018,6969.669922,^NDX
6/28/2018,7031.600098,^NDX
6/29/2018,7040.799805,^NDX
7/2/2018,7097.819824,^NDX
7/3/2018,7014.549805,^NDX
7/5/2018,7101.049805,^NDX
7/6/2018,7207.330078,^NDX
7/9/2018,7276,^NDX
7/10/2018,7282.600098,^NDX
7/11/2018,7243.97998,^NDX
7/12/2018,7366.25,^NDX
7/13/2018,7375.819824,^NDX
7/16/2018,7357.899902,^NDX
7/17/2018,7403.890137,^NDX
7/18/2018,7390.129883,^NDX
7/19/2018,7352.359863,^NDX
7/20/2018,7350.22998,^NDX
7/23/2018,7371.779785,^NDX
7/24/2018,7406.25,^NDX
7/25/2018,7508.589844,^NDX
7/26/2018,7400.75,^NDX
7/27/2018,7296.779785,^NDX
7/30/2018,7193.100098,^NDX
7/31/2018,7231.97998,^NDX
8/1/2018,7272.890137,^NDX
8/2/2018,7372.149902,^NDX
8/3/2018,7395.490234,^NDX
8/6/2018,7438.990234,^NDX
8/7/2018,7462.649902,^NDX
8/8/2018,7469.549805,^NDX
8/9/2018,7466.959961,^NDX
8/10/2018,7408.299805,^NDX
8/13/2018,7401.169922,^NDX
8/14/2018,7447.169922,^NDX
8/15/2018,7354.660156,^NDX
8/16/2018,7374.290039,^NDX
8/17/2018,7377.540039,^NDX
8/20/2018,7371.419922,^NDX
8/21/2018,7397.22998,^NDX
8/22/2018,7424.600098,^NDX
8/23/2018,7413.839844,^NDX
8/24/2018,7485.399902,^NDX
8/27/2018,7559.129883,^NDX
8/28/2018,7570.25,^NDX
8/29/2018,7660.180176,^NDX
8/30/2018,7642.669922,^NDX
8/31/2018,7654.549805,^NDX
9/4/2018,7622.319824,^NDX
9/5/2018,7523.259766,^NDX
9/6/2018,7453.169922,^NDX
9/7/2018,7430.259766,^NDX
9/10/2018,7447.680176,^NDX
9/11/2018,7507.870117,^NDX
9/12/2018,7488.060059,^NDX
9/13/2018,7561.689941,^NDX
9/14/2018,7545.5,^NDX
9/17/2018,7434.72998,^NDX
9/18/2018,7494.399902,^NDX
9/19/2018,7490.319824,^NDX
9/20/2018,7569.029785,^NDX
9/21/2018,7531.069824,^NDX
9/24/2018,7548.75,^NDX
9/25/2018,7563.189941,^NDX
9/26/2018,7563.089844,^NDX
9/27/2018,7629.569824,^NDX
9/28/2018,7627.649902,^NDX
10/1/2018,7645.450195,^NDX
10/2/2018,7628.279785,^NDX
10/3/2018,7637.430176,^NDX
10/4/2018,7490,^NDX
10/5/2018,7399.009766,^NDX
10/8/2018,7352.819824,^NDX
10/9/2018,7371.620117,^NDX
10/10/2018,7044.5,^NDX
10/11/2018,6964.029785,^NDX
10/12/2018,7157.209961,^NDX
10/15/2018,7068.669922,^NDX
10/16/2018,7276.430176,^NDX
10/17/2018,7278.629883,^NDX
10/18/2018,7116.089844,^NDX
10/19/2018,7107.22998,^NDX
10/22/2018,7141.209961,^NDX
10/23/2018,7118.669922,^NDX
10/24/2018,6789.149902,^NDX
10/25/2018,7016.390137,^NDX
10/26/2018,6852.399902,^NDX
10/29/2018,6713.899902,^NDX
10/30/2018,6810.120117,^NDX
10/31/2018,6967.100098,^NDX
11/1/2018,7069.169922,^NDX
11/2/2018,6965.290039,^NDX
11/5/2018,6937.089844,^NDX
11/6/2018,6988.850098,^NDX
11/7/2018,7203.129883,^NDX
11/8/2018,7158.589844,^NDX
11/9/2018,7039.149902,^NDX
11/12/2018,6829.100098,^NDX
11/13/2018,6830.910156,^NDX
11/14/2018,6769.870117,^NDX
11/15/2018,6890.450195,^NDX
11/16/2018,6867.02002,^NDX
11/19/2018,6642.919922,^NDX
11/20/2018,6526.959961,^NDX
11/21/2018,6575.660156,^NDX
11/23/2018,6527.350098,^NDX
11/26/2018,6678.339844,^NDX
11/27/2018,6701.040039,^NDX
11/28/2018,6913.330078,^NDX
11/29/2018,6892.399902,^NDX
11/30/2018,6949.009766,^NDX
12/3/2018,7062.129883,^NDX
12/4/2018,6795.209961,^NDX
12/6/2018,6838.850098,^NDX
12/7/2018,6613.279785,^NDX
12/10/2018,6682.740234,^NDX
12/11/2018,6704.240234,^NDX
12/12/2018,6763.959961,^NDX
12/13/2018,6767.970215,^NDX
12/14/2018,6594.959961,^NDX
12/17/2018,6448.390137,^NDX
12/18/2018,6491.52002,^NDX
12/19/2018,6342.970215,^NDX
12/20/2018,6243.189941,^NDX
12/21/2018,6046.560059,^NDX
12/24/2018,5899.350098,^NDX
12/26/2018,6262.77002,^NDX
12/27/2018,6288.299805,^NDX
12/28/2018,6285.27002,^NDX
12/31/2018,6329.970215,^NDX
1/2/2019,6360.870117,^NDX
1/3/2019,6147.129883,^NDX
1/4/2019,6422.669922,^NDX
1/7/2019,6488.25,^NDX
1/8/2019,6551.850098,^NDX
1/9/2019,6600.689941,^NDX
1/10/2019,6620.939941,^NDX
1/11/2019,6601.399902,^NDX
1/14/2019,6541.040039,^NDX
1/15/2019,6669.640137,^NDX
1/16/2019,6668.560059,^NDX
1/17/2019,6718.450195,^NDX
1/18/2019,6784.609863,^NDX
1/22/2019,6646.810059,^NDX
1/23/2019,6658.759766,^NDX
1/24/2019,6702.549805,^NDX
1/25/2019,6787.370117,^NDX
1/28/2019,6697.089844,^NDX
1/29/2019,6632.790039,^NDX
1/30/2019,6807.910156,^NDX
1/31/2019,6906.839844,^NDX
2/1/2019,6875.52002,^NDX
2/4/2019,6959.959961,^NDX
2/5/2019,7023.52002,^NDX
2/6/2019,6997.620117,^NDX
2/7/2019,6904.97998,^NDX
2/8/2019,6913.129883,^NDX
2/11/2019,6909.180176,^NDX
2/12/2019,7014.669922,^NDX
2/13/2019,7015.879883,^NDX
2/14/2019,7022.419922,^NDX
2/15/2019,7055.180176,^NDX
2/19/2019,7066.609863,^NDX
2/20/2019,7062.339844,^NDX
2/21/2019,7035.160156,^NDX
2/22/2019,7090.629883,^NDX
2/25/2019,7115.430176,^NDX
2/26/2019,7123.220215,^NDX
2/27/2019,7117,^NDX
2/28/2019,7097.529785,^NDX
3/1/2019,7151.569824,^NDX
3/4/2019,7150.830078,^NDX
3/5/2019,7156.790039,^NDX
3/6/2019,7112.470215,^NDX
3/7/2019,7026.879883,^NDX
3/8/2019,7015.689941,^NDX
3/11/2019,7164.02002,^NDX
3/12/2019,7201.279785,^NDX
3/13/2019,7256.97998,^NDX
3/14/2019,7243.009766,^NDX
3/15/2019,7306.990234,^NDX
3/18/2019,7326.279785,^NDX
3/19/2019,7349.279785,^NDX
3/20/2019,7380.75,^NDX
3/21/2019,7493.27002,^NDX
3/22/2019,7326.060059,^NDX
3/25/2019,7316.959961,^NDX
3/26/2019,7351.149902,^NDX
3/27/2019,7308.189941,^NDX
3/28/2019,7320.470215,^NDX
3/29/2019,7378.77002,^NDX
4/1/2019,7478.419922,^NDX
4/2/2019,7499.640137,^NDX
4/3/2019,7544.970215,^NDX
4/4/2019,7540.569824,^NDX
4/5/2019,7578.839844,^NDX
4/8/2019,7599.740234,^NDX
4/9/2019,7568.490234,^NDX
4/10/2019,7611.490234,^NDX
4/11/2019,7594.890137,^NDX
4/12/2019,7628.149902,^NDX
4/15/2019,7629.120117,^NDX
4/16/2019,7654.72998,^NDX
4/17/2019,7680.720215,^NDX
4/18/2019,7689.720215,^NDX
4/22/2019,7713.490234,^NDX
4/23/2019,7810.709961,^NDX
4/24/2019,7784.410156,^NDX
4/25/2019,7816.919922,^NDX
4/26/2019,7826.680176,^NDX
4/29/2019,7839.040039,^NDX
4/30/2019,7781.459961,^NDX
5/1/2019,7751.850098,^NDX
5/2/2019,7724.060059,^NDX
5/3/2019,7845.72998,^NDX
5/6/2019,7794.089844,^NDX
5/7/2019,7640.149902,^NDX
5/8/2019,7617.549805,^NDX
5/9/2019,7582.75,^NDX
5/10/2019,7586.529785,^NDX
5/13/2019,7324.129883,^NDX
5/14/2019,7401.879883,^NDX
5/15/2019,7503.25,^NDX
5/16/2019,7580.140137,^NDX
5/17/2019,7503.680176,^NDX
5/20/2019,7376.700195,^NDX
5/21/2019,7451.02002,^NDX
5/22/2019,7420.660156,^NDX
5/23/2019,7307.930176,^NDX
5/24/2019,7300.959961,^NDX
5/28/2019,7278.379883,^NDX
5/29/2019,7216.859863,^NDX
5/30/2019,7245.399902,^NDX
5/31/2019,7127.959961,^NDX
6/3/2019,6978.02002,^NDX
6/4/2019,7166.75,^NDX
6/5/2019,7220.899902,^NDX
6/6/2019,7275.930176,^NDX
6/7/2019,7417.290039,^NDX
6/10/2019,7501.930176,^NDX
6/11/2019,7513.850098,^NDX
6/12/2019,7472.290039,^NDX
6/13/2019,7510.680176,^NDX
6/14/2019,7479.109863,^NDX
6/17/2019,7526.52002,^NDX
6/18/2019,7635.399902,^NDX
6/19/2019,7667.740234,^NDX
6/20/2019,7738.049805,^NDX
6/21/2019,7728.779785,^NDX
6/24/2019,7723.02002,^NDX
6/25/2019,7591.540039,^NDX
6/26/2019,7627.049805,^NDX
6/27/2019,7657.049805,^NDX
6/28/2019,7671.080078,^NDX
7/1/2019,7768.140137,^NDX
7/2/2019,7799.819824,^NDX
7/3/2019,7857.689941,^NDX
7/5/2019,7841.299805,^NDX
7/8/2019,7785.790039,^NDX
7/9/2019,7826.859863,^NDX
7/10/2019,7903.399902,^NDX
7/11/2019,7896.779785,^NDX
7/12/2019,7943.240234,^NDX
7/15/2019,7966.930176,^NDX
7/16/2019,7927.080078,^NDX
7/17/2019,7888.759766,^NDX
7/18/2019,7904.129883,^NDX
7/19/2019,7834.899902,^NDX
7/22/2019,7905.120117,^NDX
7/23/2019,7954.560059,^NDX
7/24/2019,8010.609863,^NDX
7/25/2019,7929.870117,^NDX
7/26/2019,8016.950195,^NDX
7/29/2019,7989.080078,^NDX
7/30/2019,7952.470215,^NDX
7/31/2019,7848.779785,^NDX
8/1/2019,7801.149902,^NDX
8/2/2019,7692.799805,^NDX
8/5/2019,7415.689941,^NDX
8/6/2019,7521.319824,^NDX
8/7/2019,7551.899902,^NDX
8/8/2019,7724.830078,^NDX
8/9/2019,7646.27002,^NDX
8/12/2019,7561.680176,^NDX
8/13/2019,7728.149902,^NDX
8/14/2019,7490.129883,^NDX
8/15/2019,7484.890137,^NDX
8/16/2019,7604.109863,^NDX
8/19/2019,7719.319824,^NDX
8/20/2019,7664.470215,^NDX
8/21/2019,7733.220215,^NDX
8/22/2019,7707.430176,^NDX
8/23/2019,7464.990234,^NDX
8/26/2019,7575.02002,^NDX
8/27/2019,7566.029785,^NDX
8/28/2019,7587.899902,^NDX
8/29/2019,7702.310059,^NDX
8/30/2019,7691,^NDX
9/3/2019,7609.509766,^NDX
9/4/2019,7719.25,^NDX
9/5/2019,7862.540039,^NDX
9/6/2019,7852.540039,^NDX
9/9/2019,7832.399902,^NDX
9/10/2019,7814.740234,^NDX
9/11/2019,7887.580078,^NDX
9/12/2019,7917.339844,^NDX
9/13/2019,7892.950195,^NDX
9/16/2019,7852.410156,^NDX
9/17/2019,7888.790039,^NDX
9/18/2019,7888.560059,^NDX
9/19/2019,7901.790039,^NDX
9/20/2019,7823.549805,^NDX
9/23/2019,7818.609863,^NDX
9/24/2019,7710.040039,^NDX
9/25/2019,7803.540039,^NDX
9/26/2019,7771.990234,^NDX
9/27/2019,7681.580078,^NDX
9/30/2019,7749.450195,^NDX
10/1/2019,7684.140137,^NDX
10/2/2019,7550.790039,^NDX
10/3/2019,7638.390137,^NDX
10/4/2019,7754.100098,^NDX
10/7/2019,7725.129883,^NDX
10/8/2019,7604.27002,^NDX
10/9/2019,7690.529785,^NDX
10/10/2019,7740.359863,^NDX
10/11/2019,7843.879883,^NDX
10/14/2019,7842.330078,^NDX
10/15/2019,7942.850098,^NDX
10/16/2019,7920.209961,^NDX
10/17/2019,7942.140137,^NDX
10/18/2019,7868.490234,^NDX
10/21/2019,7940.330078,^NDX
10/22/2019,7874.620117,^NDX
10/23/2019,7889.470215,^NDX
10/24/2019,7966.720215,^NDX
10/25/2019,8029.220215,^NDX
10/28/2019,8110.669922,^NDX
10/29/2019,8047.509766,^NDX
10/30/2019,8083.109863,^NDX
10/31/2019,8083.830078,^NDX
11/1/2019,8161.169922,^NDX
11/4/2019,8210.660156,^NDX
11/5/2019,8210.179688,^NDX
11/6/2019,8196.030273,^NDX
11/7/2019,8219.650391,^NDX
11/8/2019,8255.889648,^NDX
11/11/2019,8241.910156,^NDX
11/12/2019,8263.790039,^NDX
11/13/2019,8259.80957,^NDX
11/14/2019,8257.830078,^NDX
11/15/2019,8315.519531,^NDX
11/18/2019,8328.480469,^NDX
11/19/2019,8338.740234,^NDX
11/20/2019,8283.75,^NDX
11/21/2019,8265.620117,^NDX
11/22/2019,8272.049805,^NDX
11/25/2019,8371.929688,^NDX
11/26/2019,8385.75,^NDX
11/27/2019,8444.709961,^NDX
11/29/2019,8403.679688,^NDX
12/2/2019,8309.259766,^NDX
12/3/2019,8254.740234,^NDX
12/4/2019,8296.530273,^NDX
12/5/2019,8308.400391,^NDX
12/6/2019,8397.370117,^NDX
12/9/2019,8362.740234,^NDX
12/10/2019,8354.290039,^NDX
12/11/2019,8402.610352,^NDX
12/12/2019,8466.889648,^NDX
12/13/2019,8487.709961,^NDX
12/16/2019,8570.330078,^NDX
12/17/2019,8575.700195,^NDX
12/18/2019,8580.620117,^NDX
12/19/2019,8641.290039,^NDX
12/20/2019,8678.490234,^NDX
12/23/2019,8696.009766,^NDX
12/24/2019,8699.509766,^NDX
12/26/2019,8778.30957,^NDX
12/27/2019,8770.980469,^NDX
12/30/2019,8709.730469,^NDX
12/31/2019,8733.070313,^NDX
1/2/2020,8872.219727,^NDX
1/3/2020,8793.900391,^NDX
1/6/2020,8848.519531,^NDX
1/7/2020,8846.450195,^NDX
1/8/2020,8912.370117,^NDX
1/9/2020,8989.629883,^NDX
1/10/2020,8966.639648,^NDX
1/13/2020,9070.650391,^NDX
1/14/2020,9033.419922,^NDX
1/15/2020,9035.669922,^NDX
1/16/2020,9125,^NDX
1/17/2020,9173.730469,^NDX
1/21/2020,9166.629883,^NDX
1/22/2020,9188.580078,^NDX
1/23/2020,9216.980469,^NDX
1/24/2020,9141.469727,^NDX
1/27/2020,8952.179688,^NDX
1/28/2020,9090.929688,^NDX
1/29/2020,9101.610352,^NDX
1/30/2020,9136.089844,^NDX
1/31/2020,8991.509766,^NDX
2/3/2020,9126.230469,^NDX
2/4/2020,9334.05957,^NDX
2/5/2020,9367.480469,^NDX
2/6/2020,9445.919922,^NDX
2/7/2020,9401.099609,^NDX
2/10/2020,9516.839844,^NDX
2/11/2020,9517.860352,^NDX
2/12/2020,9613.200195,^NDX
2/13/2020,9595.700195,^NDX
2/14/2020,9623.580078,^NDX
2/18/2020,9629.799805,^NDX
2/19/2020,9718.730469,^NDX
2/20/2020,9627.830078,^NDX
2/21/2020,9446.69043,^NDX
2/24/2020,9079.629883,^NDX
2/25/2020,8834.870117,^NDX
2/26/2020,8873.759766,^NDX
2/27/2020,8436.669922,^NDX
2/28/2020,8461.830078,^NDX
3/2/2020,8877.980469,^NDX
3/3/2020,8594.490234,^NDX
3/4/2020,8949.280273,^NDX
3/5/2020,8671.660156,^NDX
3/6/2020,8530.339844,^NDX
3/9/2020,7948.029785,^NDX
3/10/2020,8372.269531,^NDX
3/11/2020,8006.120117,^NDX
3/12/2020,7263.649902,^NDX
3/13/2020,7995.259766,^NDX
3/16/2020,7020.379883,^NDX
3/17/2020,7473.950195,^NDX
3/18/2020,7175.180176,^NDX
3/19/2020,7288.52002,^NDX
3/20/2020,6994.290039,^NDX
3/23/2020,7006.919922,^NDX
3/24/2020,7553.830078,^NDX
3/25/2020,7469.620117,^NDX
3/26/2020,7897.129883,^NDX
3/27/2020,7588.370117,^NDX
3/30/2020,7889.009766,^NDX
3/31/2020,7813.5,^NDX
4/1/2020,7486.290039,^NDX
4/2/2020,7635.660156,^NDX
4/3/2020,7528.109863,^NDX
4/6/2020,8081.660156,^NDX
4/7/2020,8049.310059,^NDX
4/8/2020,8229.540039,^NDX
4/9/2020,8238.530273,^NDX
4/13/2020,8332.740234,^NDX
4/14/2020,8692.160156,^NDX
4/15/2020,8591.959961,^NDX
4/16/2020,8757.830078,^NDX
4/17/2020,8832.410156,^NDX
4/20/2020,8726.509766,^NDX
4/21/2020,8403,^NDX
4/22/2020,8664.639648,^NDX
4/23/2020,8641.5,^NDX
4/24/2020,8786.599609,^NDX
4/27/2020,8837.660156,^NDX
4/28/2020,8677.599609,^NDX
4/29/2020,8982.759766,^NDX
4/30/2020,9000.509766,^NDX
5/1/2020,8718.179688,^NDX
5/4/2020,8834.110352,^NDX
5/5/2020,8930.620117,^NDX
5/6/2020,8984.860352,^NDX
5/7/2020,9101.879883,^NDX
5/8/2020,9220.349609,^NDX
5/11/2020,9298.919922,^NDX
5/12/2020,9112.450195,^NDX
5/13/2020,9000.080078,^NDX
5/14/2020,9094.419922,^NDX
5/15/2020,9152.639648,^NDX
5/18/2020,9331.929688,^NDX
5/19/2020,9298.540039,^NDX
5/20/2020,9485.019531,^NDX
5/21/2020,9377.990234,^NDX
5/22/2020,9413.990234,^NDX
5/26/2020,9389.980469,^NDX
5/27/2020,9442.049805,^NDX
5/28/2020,9416.709961,^NDX
5/29/2020,9555.530273,^NDX
6/1/2020,9598.889648,^NDX
6/2/2020,9657.30957,^NDX
6/3/2020,9704.69043,^NDX
6/4/2020,9629.660156,^NDX
6/5/2020,9824.389648,^NDX
6/8/2020,9901.519531,^NDX
6/9/2020,9967.169922,^NDX
6/10/2020,10094.25977,^NDX
6/11/2020,9588.480469,^NDX
6/12/2020,9663.780273,^NDX
6/15/2020,9776.889648,^NDX
6/16/2020,9949.370117,^NDX
6/17/2020,9982.480469,^NDX
6/18/2020,10012.0498,^NDX
6/19/2020,10008.63965,^NDX
6/22/2020,10130.33008,^NDX
6/23/2020,10209.82031,^NDX
6/24/2020,10002.7002,^NDX
6/25/2020,10101.83008,^NDX
6/26/2020,9849.360352,^NDX
6/29/2020,9961.160156,^NDX
6/30/2020,10156.84961,^NDX
7/1/2020,10279.25,^NDX
7/2/2020,10341.88965,^NDX
7/6/2020,10604.05957,^NDX
7/7/2020,10524.00977,^NDX
7/8/2020,10666.7002,^NDX
7/9/2020,10754.58984,^NDX
7/10/2020,10836.33008,^NDX
7/13/2020,10602.20996,^NDX
7/14/2020,10689.51953,^NDX
7/15/2020,10701.67969,^NDX
7/16/2020,10626.45996,^NDX
7/17/2020,10645.21973,^NDX
7/20/2020,10952.08008,^NDX
7/21/2020,10833.07031,^NDX
7/22/2020,10870.75,^NDX
7/23/2020,10580.58984,^NDX
7/24/2020,10483.12988,^NDX
7/27/2020,10674.37988,^NDX
7/28/2020,10532.5,^NDX
7/29/2020,10662.98047,^NDX
7/30/2020,10715.50977,^NDX
7/31/2020,10905.87988,^NDX
8/3/2020,11055.08008,^NDX
8/4/2020,11096.54004,^NDX
8/5/2020,11125.44043,^NDX
8/6/2020,11267.08008,^NDX
8/7/2020,11139.38965,^NDX
8/10/2020,11085.16992,^NDX
8/11/2020,10876.08008,^NDX
8/12/2020,11157.71973,^NDX
8/13/2020,11178.37012,^NDX
8/14/2020,11164.4502,^NDX
8/17/2020,11288.57031,^NDX
8/18/2020,11399.03027,^NDX
8/19/2020,11318.63965,^NDX
8/20/2020,11477.0498,^NDX
8/21/2020,11555.16016,^NDX
8/24/2020,11626.16992,^NDX
8/25/2020,11721.80957,^NDX
8/26/2020,11971.94043,^NDX
8/27/2020,11926.16016,^NDX
8/28/2020,11995.84961,^NDX
8/31/2020,12110.7002,^NDX
9/1/2020,12292.86035,^NDX
9/2/2020,12420.54004,^NDX
9/3/2020,11771.37012,^NDX
9/4/2020,11622.12988,^NDX
9/8/2020,11068.25977,^NDX
9/9/2020,11395.84961,^NDX
9/10/2020,11154.12012,^NDX
9/11/2020,11087.40039,^NDX
9/14/2020,11277.75977,^NDX
9/15/2020,11438.87012,^NDX
9/16/2020,11247.59961,^NDX
9/17/2020,11080.9502,^NDX
9/18/2020,10936.98047,^NDX
9/21/2020,10980.21973,^NDX
9/22/2020,11186.37012,^NDX
9/23/2020,10833.33008,^NDX
9/24/2020,10896.46973,^NDX
9/25/2020,11151.12988,^NDX
9/28/2020,11364.4502,^NDX
9/29/2020,11322.9502,^NDX
9/30/2020,11418.05957,^NDX
10/1/2020,11583.2002,^NDX
10/2/2020,11255.69043,^NDX
10/5/2020,11509.05957,^NDX
10/6/2020,11291.26953,^NDX
10/7/2020,11503.19043,^NDX
10/8/2020,11550.94043,^NDX
10/9/2020,11725.84961,^NDX
10/12/2020,12088.11035,^NDX
10/13/2020,12083.16992,^NDX
10/14/2020,11985.36035,^NDX
10/15/2020,11898.57031,^NDX
10/16/2020,11852.16992,^NDX
10/19/2020,11634.34961,^NDX
10/20/2020,11677.83984,^NDX
10/21/2020,11665.37012,^NDX
10/22/2020,11662.91016,^NDX
10/23/2020,11692.57031,^NDX
10/26/2020,11504.51953,^NDX
10/27/2020,11598.9502,^NDX
10/28/2020,11142.75977,^NDX
10/29/2020,11350.74023,^NDX
10/30/2020,11052.9502,^NDX
11/2/2020,11084.75977,^NDX
11/3/2020,11279.91016,^NDX
11/4/2020,11777.01953,^NDX
11/5/2020,12078.07031,^NDX
11/6/2020,12091.34961,^NDX
11/9/2020,11830.38965,^NDX
11/10/2020,11624.29004,^NDX
11/11/2020,11892.92969,^NDX
11/12/2020,11827.13965,^NDX
11/13/2020,11937.83984,^NDX
11/16/2020,12013.37988,^NDX
11/17/2020,11977.49023,^NDX
11/18/2020,11894.70996,^NDX
11/19/2020,11985.42969,^NDX
11/20/2020,11906.44043,^NDX
11/23/2020,11905.94043,^NDX
11/24/2020,12079.80957,^NDX
11/25/2020,12152.21973,^NDX
11/27/2020,12258.20996,^NDX
11/30/2020,12268.32031,^NDX
12/1/2020,12455.33008,^NDX
12/2/2020,12456.41016,^NDX
12/3/2020,12467.12988,^NDX
12/4/2020,12528.48047,^NDX
12/7/2020,12596.46973,^NDX
12/8/2020,12635.71973,^NDX
12/9/2020,12364.63965,^NDX
12/10/2020,12401.74023,^NDX
12/11/2020,12375.41016,^NDX
12/14/2020,12462.20996,^NDX
12/15/2020,12595.91992,^NDX
12/16/2020,12668.16016,^NDX
12/17/2020,12752.05957,^NDX
12/18/2020,12738.17969,^NDX
12/21/2020,12690.25977,^NDX
12/22/2020,12717.55957,^NDX
12/23/2020,12653.13965,^NDX
12/24/2020,12711.00977,^NDX
12/28/2020,12838.86035,^NDX
12/29/2020,12843.49023,^NDX
12/30/2020,12845.36035,^NDX
12/31/2020,12888.28027,^NDX
1/4/2021,12694.66016,^NDX
1/5/2021,12802.37988,^NDX
1/6/2021,12623.34961,^NDX
1/7/2021,12939.57031,^NDX
1/8/2021,13105.2002,^NDX
1/11/2021,12902.49023,^NDX
1/12/2021,12892.08984,^NDX
1/13/2021,12973.62988,^NDX
1/14/2021,12898.69043,^NDX
1/15/2021,12803.92969,^NDX
1/19/2021,12996.54004,^NDX
1/20/2021,13296.4502,^NDX
1/21/2021,13404.99023,^NDX
1/22/2021,13366.40039,^NDX
1/25/2021,13483.29004,^NDX
1/26/2021,13490.19043,^NDX
1/27/2021,13112.65039,^NDX
1/28/2021,13201.53027,^NDX
1/29/2021,12925.37988,^NDX
2/1/2021,13248.90039,^NDX
2/2/2021,13456.12012,^NDX
2/3/2021,13402.37012,^NDX
2/4/2021,13560.88965,^NDX
2/5/2021,13603.95996,^NDX
2/8/2021,13695.01953,^NDX
2/9/2021,13687.08008,^NDX
2/10/2021,13655.26953,^NDX
2/11/2021,13734.34961,^NDX
2/12/2021,13807.7002,^NDX
2/16/2021,13773.76953,^NDX
2/17/2021,13699.70996,^NDX
2/18/2021,13637.50977,^NDX
2/19/2021,13580.78027,^NDX
2/22/2021,13223.74023,^NDX
2/23/2021,13194.70996,^NDX
2/24/2021,13302.19043,^NDX
2/25/2021,12828.30957,^NDX
2/26/2021,12909.44043,^NDX
3/1/2021,13282.9502,^NDX
3/2/2021,13059.9502,^NDX
3/3/2021,12683.33008,^NDX
3/4/2021,12464,^NDX
3/5/2021,12668.50977,^NDX
3/8/2021,12299.08008,^NDX
3/9/2021,12794.49023,^NDX
3/10/2021,12752.07031,^NDX
3/11/2021,13052.90039,^NDX
3/12/2021,12937.29004,^NDX
3/15/2021,13082.54004,^NDX
3/16/2021,13152.28027,^NDX
3/17/2021,13202.37988,^NDX
3/18/2021,12789.13965,^NDX
3/19/2021,12866.99023,^NDX
3/22/2021,13086.50977,^NDX
3/23/2021,13017.79004,^NDX
3/24/2021,12798.87988,^NDX
3/25/2021,12780.50977,^NDX
3/26/2021,12979.12012,^NDX
3/29/2021,12965.74023,^NDX
3/30/2021,12896.53027,^NDX
3/31/2021,13091.44043,^NDX
4/1/2021,13329.51953,^NDX
4/5/2021,13598.16016,^NDX
4/6/2021,13578.45996,^NDX
4/7/2021,13616.7002,^NDX
4/8/2021,13758.50977,^NDX
4/9/2021,13845.05957,^NDX
4/12/2021,13819.34961,^NDX
4/13/2021,13986.49023,^NDX
4/14/2021,13803.91016,^NDX
4/15/2021,14026.19043,^NDX
4/16/2021,14041.91016,^NDX
4/19/2021,13907.66992,^NDX
4/20/2021,13809.2998,^NDX
4/21/2021,13935.15039,^NDX
4/22/2021,13762.36035,^NDX
4/23/2021,13941.44043,^NDX
4/26/2021,14026.16016,^NDX
4/27/2021,13960.28027,^NDX
4/28/2021,13901.62012,^NDX
4/29/2021,13970.2002,^NDX
4/30/2021,13860.75977,^NDX
5/3/2021,13799.71973,^NDX
5/4/2021,13544.66992,^NDX
5/5/2021,13503.37012,^NDX
5/6/2021,13613.73047,^NDX
5/7/2021,13719.62988,^NDX
5/10/2021,13359.08008,^NDX
5/11/2021,13351.26953,^NDX
5/12/2021,13001.62988,^NDX
5/13/2021,13109.15039,^NDX
5/14/2021,13393.12012,^NDX
5/17/2021,13312.91016,^NDX
5/18/2021,13217.67969,^NDX
5/19/2021,13237.91016,^NDX
5/20/2021,13494.08984,^NDX
5/21/2021,13411.74023,^NDX
5/24/2021,13641.75,^NDX
5/25/2021,13657.73047,^NDX
5/26/2021,13702.74023,^NDX
5/27/2021,13657.84961,^NDX
5/28/2021,13686.50977,^NDX
6/1/2021,13654.58984,^NDX
6/2/2021,13675.79004,^NDX
6/3/2021,13529.67969,^NDX
6/4/2021,13770.76953,^NDX
6/7/2021,13802.88965,^NDX
6/8/2021,13810.86035,^NDX
6/9/2021,13814.94043,^NDX
6/10/2021,13960.34961,^NDX
6/11/2021,13998.2998,^NDX
6/14/2021,14128.2002,^NDX
6/15/2021,14030.41016,^NDX
6/16/2021,13983.00977,^NDX
6/17/2021,14163.80957,^NDX
6/18/2021,14049.58008,^NDX
6/21/2021,14137.23047,^NDX
6/22/2021,14270.41992,^NDX
6/23/2021,14274.24023,^NDX
6/24/2021,14365.95996,^NDX
6/25/2021,14345.17969,^NDX
6/28/2021,14524.98047,^NDX
6/29/2021,14572.75,^NDX
6/30/2021,14554.7998,^NDX
7/1/2021,14560.0498,^NDX
7/2/2021,14727.62988,^NDX
7/6/2021,14786.36035,^NDX
7/7/2021,14810.54004,^NDX
7/8/2021,14722.13965,^NDX
7/9/2021,14826.08984,^NDX
7/12/2021,14877.88965,^NDX
7/13/2021,14874.54004,^NDX
7/14/2021,14900.44043,^NDX
7/15/2021,14794.69043,^NDX
7/16/2021,14681.37988,^NDX
7/19/2021,14549.08984,^NDX
7/20/2021,14728.20996,^NDX
7/21/2021,14842.62988,^NDX
7/22/2021,14940.16992,^NDX
7/23/2021,15111.79004,^NDX
7/26/2021,15125.9502,^NDX
7/27/2021,14956.96973,^NDX
7/28/2021,15018.09961,^NDX
7/29/2021,15048.36035,^NDX
7/30/2021,14959.90039,^NDX
8/2/2021,14963.62012,^NDX
8/3/2021,15061.41992,^NDX
8/4/2021,15083.38965,^NDX
8/5/2021,15181.63965,^NDX
8/6/2021,15109.36035,^NDX
8/9/2021,15133.11035,^NDX
8/10/2021,15053.58008,^NDX
8/11/2021,15027.75977,^NDX
8/12/2021,15088.98047,^NDX
8/13/2021,15136.67969,^NDX
8/16/2021,15140.76953,^NDX
8/17/2021,15002.83008,^NDX
8/18/2021,14857.91992,^NDX
8/19/2021,14933.94043,^NDX
8/20/2021,15092.57031,^NDX
8/23/2021,15312.82031,^NDX
8/24/2021,15357.67969,^NDX
8/25/2021,15368.91992,^NDX
8/26/2021,15278.51953,^NDX
8/27/2021,15432.9502,^NDX
8/30/2021,15605.08984,^NDX
8/31/2021,15582.50977,^NDX
9/1/2021,15611.57031,^NDX
9/2/2021,15604.25,^NDX
9/3/2021,15652.86035,^NDX
9/7/2021,15675.75977,^NDX
9/8/2021,15620.84961,^NDX
9/9/2021,15561.0498,^NDX
9/10/2021,15440.75,^NDX
9/13/2021,15434.5,^NDX
9/14/2021,15382.90039,^NDX
9/15/2021,15503.53027,^NDX
9/16/2021,15515.91016,^NDX
9/17/2021,15333.46973,^NDX
9/20/2021,15012.19043,^NDX
9/21/2021,15027.76953,^NDX
9/22/2021,15176.50977,^NDX
9/23/2021,15316.58008,^NDX
9/24/2021,15329.67969,^NDX
9/27/2021,15204.82031,^NDX
9/28/2021,14770.2998,^NDX
9/29/2021,14752.88965,^NDX
9/30/2021,14689.62012,^NDX
10/1/2021,14791.87012,^NDX
10/4/2021,14472.12012,^NDX
10/5/2021,14674.15039,^NDX
10/6/2021,14766.75,^NDX
10/7/2021,14897.12988,^NDX
10/8/2021,14820.75,^NDX
10/11/2021,14713.73047,^NDX
10/12/2021,14662.11035,^NDX
10/13/2021,14774.59961,^NDX
10/14/2021,15052.41992,^NDX
10/15/2021,15146.91992,^NDX
10/18/2021,15300.88965,^NDX
10/19/2021,15410.71973,^NDX
10/20/2021,15388.70996,^NDX
10/21/2021,15489.58984,^NDX
10/22/2021,15355.07031,^NDX
10/25/2021,15514.19043,^NDX
10/26/2021,15559.49023,^NDX
10/27/2021,15598.38965,^NDX
10/28/2021,15778.16016,^NDX
10/29/2021,15850.46973,^NDX
11/1/2021,15905.28027,^NDX
11/2/2021,15972.49023,^NDX
11/3/2021,16144.5,^NDX
11/4/2021,16346.24023,^NDX
11/5/2021,16359.37988,^NDX
11/8/2021,16336.03027,^NDX
11/9/2021,16219.94043,^NDX
11/10/2021,15985.57031,^NDX
11/11/2021,16032.46973,^NDX
11/12/2021,16199.88965,^NDX
11/15/2021,16189.12012,^NDX
11/16/2021,16309.76953,^NDX
11/17/2021,16308.07031,^NDX
11/18/2021,16482.9707,^NDX
11/19/2021,16573.33984,^NDX
11/22/2021,16380.98047,^NDX
11/23/2021,16306.71973,^NDX
11/24/2021,16367.80957,^NDX
11/26/2021,16025.58008,^NDX
11/29/2021,16399.24023,^NDX
11/30/2021,16135.91992,^NDX
12/1/2021,15877.71973,^NDX
12/2/2021,15990.75977,^NDX
12/3/2021,15712.04004,^NDX
12/6/2021,15846.16016,^NDX
12/7/2021,16325.66016,^NDX
12/8/2021,16394.33984,^NDX
12/9/2021,16149.57031,^NDX
12/10/2021,16331.98047,^NDX
12/13/2021,16082.5498,^NDX
12/14/2021,15914.90039,^NDX
12/15/2021,16289.58984,^NDX
12/16/2021,15863.94043,^NDX
12/17/2021,15801.45996,^NDX
12/20/2021,15627.63965,^NDX
12/21/2021,15986.28027,^NDX
12/22/2021,16180.13965,^NDX
12/23/2021,16308.20996,^NDX
12/27/2021,16567.5,^NDX
12/28/2021,16488.66016,^NDX
12/29/2021,16491.00977,^NDX
12/30/2021,16429.09961,^NDX
12/31/2021,16320.08008,^NDX
1/3/2022,16501.76953,^NDX
1/4/2022,16279.73047,^NDX
1/5/2022,15771.78027,^NDX
1/6/2022,15765.36035,^NDX
1/7/2022,15592.19043,^NDX
1/10/2022,15614.42969,^NDX
1/11/2022,15844.12012,^NDX
1/12/2022,15905.09961,^NDX
1/13/2022,15495.62012,^NDX
1/14/2022,15611.58984,^NDX
1/18/2022,15210.75977,^NDX
1/19/2022,15047.83984,^NDX
1/20/2022,14846.45996,^NDX
1/21/2022,14438.40039,^NDX
1/24/2022,14509.58008,^NDX
1/25/2022,14149.12012,^NDX
1/26/2022,14172.75977,^NDX
1/27/2022,14003.11035,^NDX
1/28/2022,14454.61035,^NDX
1/31/2022,14930.0498,^NDX
2/1/2022,15019.67969,^NDX
2/2/2022,15139.74023,^NDX
2/3/2022,14501.11035,^NDX
2/4/2022,14694.34961,^NDX
2/7/2022,14571.25,^NDX
2/8/2022,14747.03027,^NDX
2/9/2022,15056.95996,^NDX
2/10/2022,14705.63965,^NDX
2/11/2022,14253.83984,^NDX
2/14/2022,14268.58984,^NDX
2/15/2022,14620.82031,^NDX
2/16/2022,14603.63965,^NDX
2/17/2022,14171.74023,^NDX
2/18/2022,14009.54004,^NDX
2/22/2022,13870.53027,^NDX
2/23/2022,13509.42969,^NDX
2/24/2022,13974.66992,^NDX
2/25/2022,14189.16016,^NDX
2/28/2022,14237.80957,^NDX
3/1/2022,14005.99023,^NDX
3/2/2022,14243.69043,^NDX
3/3/2022,14035.20996,^NDX
3/4/2022,13837.83008,^NDX
3/7/2022,13319.37988,^NDX
3/8/2022,13267.61035,^NDX
3/9/2022,13742.2002,^NDX
3/10/2022,13591,^NDX
3/11/2022,13301.83008,^NDX
3/14/2022,13046.63965,^NDX
3/15/2022,13458.55957,^NDX
3/16/2022,13956.79004,^NDX
3/17/2022,14118.59961,^NDX
3/18/2022,14420.08008,^NDX
3/21/2022,14376.08984,^NDX
3/22/2022,14654.33008,^NDX
3/23/2022,14447.5498,^NDX
3/24/2022,14765.69043,^NDX
3/25/2022,14754.30957,^NDX
3/28/2022,14987.40039,^NDX
3/29/2022,15239.32031,^NDX
3/30/2022,15071.5498,^NDX
3/31/2022,14838.49023,^NDX
4/1/2022,14861.20996,^NDX
4/4/2022,15159.58008,^NDX
4/5/2022,14820.63965,^NDX
4/6/2022,14498.88965,^NDX
4/7/2022,14531.80957,^NDX
4/8/2022,14327.25977,^NDX
4/11/2022,13990.20996,^NDX
4/12/2022,13940.24023,^NDX
4/13/2022,14217.29004,^NDX
4/14/2022,13893.20996,^NDX
4/18/2022,13910.75977,^NDX
4/19/2022,14210.25977,^NDX
4/20/2022,13998.53027,^NDX
4/21/2022,13720.4502,^NDX
4/22/2022,13356.87012,^NDX
4/25/2022,13533.21973,^NDX
4/26/2022,13009.70996,^NDX
4/27/2022,13003.36035,^NDX
4/28/2022,13456.05957,^NDX
4/29/2022,12854.7998,^NDX
5/2/2022,13075.84961,^NDX
5/3/2022,13089.90039,^NDX
5/4/2022,13535.70996,^NDX
5/5/2022,12850.5498,^NDX
5/6/2022,12693.53027,^NDX
5/9/2022,12187.71973,^NDX
5/10/2022,12345.86035,^NDX
5/11/2022,11967.55957,^NDX
5/12/2022,11945.5,^NDX
5/13/2022,12387.40039,^NDX
5/16/2022,12243.58008,^NDX
5/17/2022,12564.09961,^NDX
5/18/2022,11928.30957,^NDX
5/19/2022,11875.62988,^NDX
5/20/2022,11835.62012,^NDX
5/23/2022,12034.28027,^NDX
5/24/2022,11769.83984,^NDX
5/25/2022,11943.92969,^NDX
5/26/2022,12276.79004,^NDX
5/27/2022,12681.41992,^NDX
5/31/2022,12642.09961,^NDX
6/1/2022,12548.36035,^NDX
6/2/2022,12892.88965,^NDX
6/3/2022,12548.03027,^NDX
6/6/2022,12599.62988,^NDX
6/7/2022,12711.67969,^NDX
6/8/2022,12615.12988,^NDX
6/9/2022,12269.78027,^NDX
6/10/2022,11832.82031,^NDX
6/13/2022,11288.32031,^NDX
6/14/2022,11311.69043,^NDX
6/15/2022,11593.76953,^NDX
6/16/2022,11127.57031,^NDX
6/17/2022,11265.99023,^NDX
6/21/2022,11546.75977,^NDX
6/22/2022,11527.70996,^NDX
6/23/2022,11697.67969,^NDX
6/24/2022,12105.84961,^NDX
6/27/2022,12008.24023,^NDX
6/28/2022,11637.76953,^NDX
6/29/2022,11658.25977,^NDX
6/30/2022,11503.71973,^NDX
7/1/2022,11585.67969,^NDX
7/5/2022,11779.90039,^NDX
7/6/2022,11852.58984,^NDX
7/7/2022,12109.0498,^NDX
7/8/2022,12125.69043,^NDX
7/11/2022,11860.28027,^NDX
7/12/2022,11744.99023,^NDX
7/13/2022,11728.53027,^NDX
7/14/2022,11768.40039,^NDX
7/15/2022,11983.62012,^NDX
7/18/2022,11877.5,^NDX
7/19/2022,12249.41992,^NDX
7/20/2022,12439.67969,^NDX
7/21/2022,12619.41016,^NDX
7/22/2022,12396.46973,^NDX
7/25/2022,12328.41016,^NDX
7/26/2022,12086.90039,^NDX
7/27/2022,12601.46973,^NDX
7/28/2022,12717.87012,^NDX
7/29/2022,12947.96973,^NDX
8/1/2022,12940.78027,^NDX
8/2/2022,12901.59961,^NDX
8/3/2022,13253.25977,^NDX
8/4/2022,13311.04004,^NDX
8/5/2022,13207.69043,^NDX
8/8/2022,13159.16016,^NDX
8/9/2022,13008.16992,^NDX
8/10/2022,13378.32031,^NDX
8/11/2022,13291.99023,^NDX
8/12/2022,13565.87012,^NDX
8/15/2022,13667.17969,^NDX
8/16/2022,13635.20996,^NDX
8/17/2022,13470.86035,^NDX
8/18/2022,13505.99023,^NDX
8/19/2022,13242.90039,^NDX
8/22/2022,12890.54004,^NDX
8/23/2022,12881.79004,^NDX
8/24/2022,12917.86035,^NDX
8/25/2022,13143.58008,^NDX
8/26/2022,12605.16992,^NDX
8/29/2022,12484.32031,^NDX
8/30/2022,12342.7002,^NDX
8/31/2022,12272.03027,^NDX
9/1/2022,12274.62012,^NDX
9/2/2022,12098.44043,^NDX
9/6/2022,12011.30957,^NDX
9/7/2022,12259.38965,^NDX
9/8/2022,12321.19043,^NDX
9/9/2022,12588.29004,^NDX
9/12/2022,12739.71973,^NDX
9/13/2022,12033.62012,^NDX
9/14/2022,12134.40039,^NDX
9/15/2022,11927.49023,^NDX
9/16/2022,11861.37988,^NDX
9/19/2022,11953.26953,^NDX
9/20/2022,11851.54004,^NDX
9/21/2022,11637.79004,^NDX
9/22/2022,11501.65039,^NDX
9/23/2022,11311.24023,^NDX
9/26/2022,11254.11035,^NDX
9/27/2022,11271.75,^NDX
9/28/2022,11493.83008,^NDX
9/29/2022,11164.78027,^NDX
9/30/2022,10971.21973,^NDX
10/3/2022,11229.73047,^NDX
10/4/2022,11582.54004,^NDX
10/5/2022,11573.17969,^NDX
10/6/2022,11485.5,^NDX
10/7/2022,11039.46973,^NDX
10/10/2022,10926.96973,^NDX
10/11/2022,10791.34961,^NDX
10/12/2022,10785.62012,^NDX
10/13/2022,11033.58008,^NDX
10/14/2022,10692.05957,^NDX
10/17/2022,11062.53027,^NDX
10/18/2022,11147.74023,^NDX
10/19/2022,11103.37988,^NDX
10/20/2022,11046.70996,^NDX
10/21/2022,11310.33008,^NDX
10/24/2022,11430.25977,^NDX
10/25/2022,11669.99023,^NDX
10/26/2022,11405.90039,^NDX
10/27/2022,11191.62988,^NDX
10/28/2022,11546.20996,^NDX
10/31/2022,11405.57031,^NDX
11/1/2022,11288.9502,^NDX
11/2/2022,10906.33984,^NDX
11/3/2022,10690.59961,^NDX
11/4/2022,10857.03027,^NDX
11/7/2022,10977,^NDX
11/8/2022,11059.5,^NDX
11/9/2022,10797.5498,^NDX
11/10/2022,11605.95996,^NDX
11/11/2022,11817.00977,^NDX
11/14/2022,11700.94043,^NDX
11/15/2022,11871.15039,^NDX
11/16/2022,11699.08984,^NDX
11/17/2022,11676.86035,^NDX
11/18/2022,11677.01953,^NDX
11/21/2022,11553.4502,^NDX
11/22/2022,11724.83984,^NDX
11/23/2022,11838.71973,^NDX
11/25/2022,11756.03027,^NDX
11/28/2022,11587.75,^NDX
11/29/2022,11503.4502,^NDX
11/30/2022,12030.05957,^NDX
12/1/2022,12041.88965,^NDX
12/2/2022,11994.25977,^NDX
12/5/2022,11786.7998,^NDX
12/6/2022,11549.69043,^NDX
12/7/2022,11497.38965,^NDX
12/8/2022,11637.5,^NDX
12/9/2022,11563.33008,^NDX
12/12/2022,11706.44043,^NDX
12/13/2022,11834.20996,^NDX
12/14/2022,11740.91992,^NDX
12/15/2022,11345.21973,^NDX
12/16/2022,11243.71973,^NDX
12/19/2022,11084.58984,^NDX
12/20/2022,11072.41992,^NDX
12/21/2022,11235.87988,^NDX
12/22/2022,10956.13965,^NDX
12/23/2022,10985.4502,^NDX
12/27/2022,10822.50977,^NDX
12/28/2022,10679.33984,^NDX
12/29/2022,10951.0498,^NDX
12/30/2022,10939.75977,^NDX
